status,company,instagram,website,lead_type,source_lodges,evidence_url,confidence,notes,contact_emails,contact_source_url,contact_notes
instagram_seed,Big Time Birding Tours,@bigtimebirdingtours,https://www.instagram.com/bigtimebirdingtours/,Instagram-sourced birding operator candidate,Hacienda El Bosque,https://www.instagram.com/bigtimebirdingtours/,medium,Found from Hacienda El Bosque Instagram research; no separate public website/email found in web search.,,https://www.instagram.com/bigtimebirdingtours/,Manual Instagram follow-up needed; no public business email found.
instagram_seed,Birding & Herping,@birding_and_herping,https://birdingandherping.com/,Colombia birding/herping operator,Hacienda El Bosque,https://birdingandherping.com/,high,Dedicated Colombian birding and herping operator found in Instagram/lodge pass.,info@birdingandherping.com,https://birdingandherping.com/contact,Public website contact email.
instagram_seed,Adventures Colombia,@adventurescolombia,https://www.adventurescolombiatours.com/,Colombia adventure/birding operator,Hacienda El Bosque,https://www.adventurescolombiatours.com/,high,Colombia operator with a birding contact channel.,birding@adventurescolombiatours.com,https://www.adventurescolombiatours.com/,Public website email for birding inquiries.
instagram_seed,Birds Colombia Experience,@birdscolombiaexperience,https://birdscolombia.com/,Colombia birding/media/tour operator,Hacienda El Bosque,https://birdscolombia.com/contact/,medium,Birds Colombia Experience/NikyMauro surfaced through Hacienda research; qualify tour volume before outreach.,info@birdscolombia.com,https://birdscolombia.com/contact/,Public Birds Colombia contact page email.
instagram_seed,Tanager Photo Tours,@tanagerphototours,https://www.tanagerphototours.com/,Colombia bird photography tour operator,Hacienda El Bosque,https://www.tanagerphototours.com/noticias,high,Bird photography tour operator for Colombia.,info@tanagerphototours.com,https://www.tanagerphototours.com/noticias,Public website email.
instagram_seed,Keeping Nature Tours,@keepingnaturetours,https://keepingnaturetours.com/,Colombia wildlife photography tour operator,Hacienda El Bosque,https://keepingnaturetours.com/,high,Wildlife photography tours in Colombia; relevant lodge visitor/operator lead.,info@keepingnaturetours.com; mercadeo@keepingnaturetours.com,https://keepingnaturetours.com/,Public website/footer emails.
instagram_seed,Bogota Birding & Colombia Wildlife Tours,@bogota_birding,https://bogotabirding.com/,Colombia birding/wildlife operator,Hacienda El Bosque,https://bogotabirding.com/es/,high,Dedicated Colombia birding and wildlife tour operator.,bogota.birding@gmail.com,https://bogotabirding.com/es/,Public website and travel directory contact email.
instagram_seed,Oswaldo Nature Tours & Biology,@oswaldonature,https://bogotabirding.com/team2/,Guide/operator lead,Hacienda El Bosque,https://bogota-birding-and-birdwatching-tours.blogspot.com/p/contact-to-bogota-birding.html,medium,Oswaldo Cortes appears tied to Bogota Birding; keep as person-level lead for relationship mapping.,oswaldo.aves@gmail.com; bogota.birding@gmail.com,https://bogota-birding-and-birdwatching-tours.blogspot.com/p/contact-to-bogota-birding.html,Public Bogota Birding contact page lists Oswaldo personal contact and company email.
instagram_seed,Coraves Birding & Nature Tours,@ferney_salgado_coraves_birding,https://www.coravesbirdingtours.com/,Colombia birding operator,Hacienda El Bosque,https://www.coravesbirdingtours.com/contact-us/,high,Coraves/Ferney Salgado birding operator lead from Hacienda research.,info@coravesbirdingtours.com,https://www.coravesbirdingtours.com/contact-us/,Public website contact email.
instagram_seed,Caracara Nature Tours Birding,@caracaranaturetoursbirding,https://caracaranaturetours.com/,Colombia birding/nature operator,Hacienda El Bosque,https://caracaranaturetours.com/,high,Dedicated nature/birding operator lead from Hacienda research.,caracaranaturetours@gmail.com,https://caracaranaturetours.com/,Public website email; omitted template/developer addresses found in page source.
instagram_seed,Tropical Photo Tours,@tropicalphototours,https://tropicalphototours.com/,Bird photography tour operator,Hacienda El Bosque,https://tropicalphototours.com/contact-us/,high,Bird/wildlife photo tour operator; distinct from Tropical Birding.,info@tropicalphototours.com,https://tropicalphototours.com/contact-us/,Public website contact email.
instagram_seed,Sword-billed Expeditions,@edisonbirder,https://swordbilledexpeditions.com/,Birding expedition operator,Hacienda El Bosque; Sword-billed Instagram spiral,https://swordbilledexpeditions.com/,high,Birding expedition operator connected through Hacienda/Sword-billed Instagram trail.,contact@swordbilledexpeditions.com; contacto@swordbilledexpeditions.com,https://swordbilledexpeditions.com/,Public website emails.
instagram_seed,ABT Birds,@abtbirds,https://abtbirds.com/,Birding tour operator,Hacienda El Bosque,https://abtbirds.com/,high,David Ascanio / ABT Birds lead from Hacienda research.,contact@abtbirds.com,https://abtbirds.com/,Public website contact email.
instagram_seed,Manakin Nature Tours,@manakinnaturetours,https://www.manakinnaturetours.com/,Colombia nature/birding operator,Hacienda El Bosque story highlights,https://www.manakinnaturetours.com/contact/,high,Colombia nature tour operator found in Hacienda story/highlight trail.,info@manakinnaturetours.com,https://www.manakinnaturetours.com/contact/,Public website contact email.
instagram_seed,Aramacao Tours,@aramacaotours,https://www.aramacaotours.com/,Colombia tour operator,Hacienda El Bosque story highlights,https://www.aramacaotours.com/,high,Tour operator found in Hacienda story/highlight trail.,toursaramacao@gmail.com,https://www.aramacaotours.com/,Public website email.
instagram_seed,Retorno Photo Tours,@retorno.phototours,https://www.retornophototours.com/,Bird photography tour operator,Hacienda El Bosque story highlights,https://www.retornophototours.com/contact,high,Photo tour operator found in Hacienda story/highlight trail.,dcasas@retornobirding.com,https://www.retornophototours.com/contact,Public website contact email; ignored one typo variant also present in page source.
instagram_seed,Nature Colombia,@naturecolombia_,https://www.naturecolombia.com/,Colombia birding/nature operator,Hacienda El Bosque story highlights,https://www.naturecolombia.com/en/contact,high,Colombia nature/birding operator found in Hacienda story/highlight trail.,info@naturecolombia.com,https://www.colombia.com/turismo/prestadores-de-servicios-turisticos/i43320/nature-colombia,Public travel registry and Colombia Travel listing email.
instagram_seed,Birding by Bus,@birdingbybus,https://www.birdingbybus.com/,Birding travel operator,Hacienda El Bosque story highlights,https://www.birdingbybus.com/,medium,Birding travel/operator lead found in Hacienda story/highlight trail.,info@birdingbybus.com,https://www.birdingbybus.com/,Public website email.
instagram_seed,PhotoNatura Colombia,@photonaturacolombia,https://www.photonaturacolombia.co/,Colombia photography/nature operator,Hacienda El Bosque story highlights,https://www.photonaturacolombia.co/,medium,Photography/nature lead found in Hacienda story/highlight trail; qualify group-tour volume.,fotonatural@live.com,https://www.photonaturacolombia.co/,Public website email.
instagram_seed,Rada Birding / Ramon David Ruiz Correa,@rada.birding,https://birdscolombia.com/guides/,Independent birding guide lead,Hacienda El Bosque story highlights,https://birdscolombia.com/guides/,medium,Independent guide/network lead rather than a full operator; useful for referrals and local guide mapping.,rdruizc@unal.edu.co,https://birdscolombia.com/guides/,Public Birds Colombia guide directory email.
instagram_seed,Overland Uncharted Wildlife,@overlandunchartedwildlife,https://www.overlanduncharted.com/phototours,Bird photography tour operator,Hacienda El Bosque story highlights; western Andes photo routes,https://www.overlanduncharted.com/phototours,high,Hosts Colombia bird photography tours; found in Hacienda story/highlight trail.,overlandunchartedwildlife@gmail.com,https://www.overlanduncharted.com/phototours,Public website email.
instagram_seed,Colombia Birdwatch,@colombiabirdwatch,https://colombiabirdwatch.com/,Colombia birding operator,Hacienda El Bosque story highlights; Araucana Lodge network,https://colombiabirdwatch.com/contact-us/,high,Established Colombia birding operator connected to Araucana Lodge/Chris Calonje network.,chriscalonje@colombiabirdwatch.com,https://colombiabirdwatch.com/contact-us/,Public contact page email.
instagram_seed,Woodstars Birding & Nature Tours,@woodstars_tours,https://woodstarstours.com/,Colombia birding/nature operator,Hacienda El Bosque story highlights,https://woodstarstours.com/contact/,high,Birding/nature operator found in Hacienda story/highlight trail.,woodstars.birding@gmail.com,https://woodstarstours.com/contact/,Public website contact email.
new_lead,Sula Colombia Wildlife & Nature Tours,,https://sula.com.co/,Colombia birding/nature operator,Reserva Rio Blanco; Tinamu; Hato La Aurora / Juan Solito,https://sula.com.co/,high,Colombian wildlife and birding operator surfaced repeatedly in Colombia birding itinerary searches.,frank@pelecanus.com.co; info@pelecanus.com.co,https://pelecanus.com.co/,"Sula site identifies Pelecanus S.A.S. as operator; direct Sula page exposes WhatsApp/contact form, while Pelecanus site lists public emails."
new_lead,The Andean Birder,@theandeanbirder,https://theandeanbirder.com/,Colombia birding operator,Reserva Rio Blanco; Hacienda El Bosque; Dona Dora / Anchicaya; La Minga,https://theandeanbirder.com/tour/andes-colombia-photographic-birding-tour/,high,Dedicated Colombia birding operator with multi-site Colombian Andes photographic birding itinerary.,jarango@andeanbirder.com,https://theandeanbirder.com/contact/,Public website contact email.
new_lead,Sustainable Birding,,https://sustainablebirding.com/,Birding tour operator,Reserva Rio Blanco; Colombian Andes itineraries,https://sustainablebirding.com/,medium,Birding tour operator found through Colombia itinerary search; verify current Colombia departures before outreach.,info@sustainablebirdingcompany.com,https://sustainablebirding.com/contact/,Public website contact email.
new_lead,Uncover Colombia,@uncovercolombia,https://www.uncovercolombia.com/,Colombia tour operator with birding product,Reserva Rio Blanco; Tinamu; Hato La Aurora / Juan Solito,https://www.uncovercolombia.com/,high,Colombia-based travel company with birding/nature tours; not birding-only but relevant inbound operator.,hello@uncovercolombia.com,https://www.uncovercolombia.com/contact/tailor-made-tour-enquire/,Public website inquiry email.
new_lead,Eagle-Eye Tours,@eagleeyetours,https://www.eagle-eye.com/,International birding operator,Reserva Rio Blanco; Montezuma; El Dorado / ProAves reserves,https://www.eagle-eye.com/,high,Established birding company with Colombia birding itineraries.,travel@eagle-eye.com,https://www.eagle-eye.com/contact,Public contact page email.
new_lead,BnB Colombia Tours,@bnbcolombiatours,https://bnbcolombia.com/,Colombia tour operator with birding/wildlife product,Hato La Aurora / Juan Solito; La Isla Escondida; Colombia wildlife routes,https://bnbcolombia.com/,medium,General Colombia tour operator; actionable if they sell birding/wildlife trips rather than pure birding.,tours@bnbcolombia.com; info@bnbcolombia.com,https://bnbcolombia.com/contact/,Public website emails.
new_lead,Jaguarundi Travel,@jaguarunditravel,https://jaguarunditravel.com/,Colombia wildlife/birding operator,Hato La Aurora / Juan Solito; La Isla Escondida; Colombian wildlife routes,https://jaguarunditravel.com/,high,Colombia nature/wildlife operator; strong fit for Llanos and lodge-based itineraries.,info@jaguarunditravel.com,https://jaguarunditravel.com/terms-conditions/,Public email listed on website legal/contact material.
new_lead,Finisterra Travel,,https://www.finisterra.ca/,International birding/nature operator,Reserva Rio Blanco; Colombian Andes itineraries,https://www.finisterra.ca/,medium,International nature operator with Colombia birding itinerary signals; verify current Colombia programming.,info@finisterra.ca,https://finisterra.ca/travel-designers/contact-us/,Public website contact email.
new_lead,Ocampo Expeditions,@ocampoexpeditions,https://ocampoexpeditions.com/,Colombia nature/birding operator,Reserva Rio Blanco; Tinamu; Colombian Andes routes,https://ocampoexpeditions.com/,medium,Colombia-focused nature travel operator candidate; verify birding-specific product and tour volume.,ocampo.wpe@gmail.com,https://www.ocampoexpeditions.com/contact-us,Public website contact email.
new_lead,Neblina Forest,,https://www.neblinaforest.com/,International birding operator,Reserva Rio Blanco; Montezuma; El Dorado; Las Tangaras / ProAves reserves,https://www.neblinaforest.com/,high,Established specialist birding operator with Colombia tours.,info@neblinaforest.com,https://www.neblinaforest.com/contact,Website is active but blocks some automated requests; email verified through public search result/direct listing.
new_lead,Bellbird Birding Tours,@bellbirdtours,https://www.bellbirdtours.com/,International birding operator,Montezuma; Colombian Andes routes,https://www.bellbirdtours.com/,high,Birding tour operator with Colombia departure signals.,birds@bellbirdtours.com,https://bellbirdtours.com/bookings/,Public booking/contact email.
new_lead,Sunrise Birding,@sunrisebirding,https://www.sunrisebirding.com/,International birding operator,Reserva Rio Blanco; Colombian Andes routes,https://www.sunrisebirding.com/,high,Established birding operator with Colombia itinerary signals.,gina@sunrisebirding.com,https://www.sunrisebirding.com/,Public website Cloudflare-protected email decoded from page source.
new_lead,Birding by Locals,@birdingbylocals,https://birdingbylocals.com/,Birding marketplace/local guide network,Tinamu; Colombian Andes routes,https://birdingbylocals.com/,medium,Lead source and potential operator network; qualify whether they package inbound tours directly.,info@birdingbylocals.com,https://www.birdingbylocals.com/,Public website email.
new_lead,Birding Tours Colombia,@birdingtourscolombia,https://birdingtourscolombia.com/,Colombia birding operator,Reserva Rio Blanco; Tinamu; Colombian Andes routes,https://birdingtourscolombia.com/,high,Dedicated Colombia birding operator; strong direct-outreach target.,birdingtourscolombia@gmail.com; uribedan3000@yahoo.com,https://birdingtourscolombia.com/contact/,Public website contact emails.
new_lead,Icaro Birding,@icarobirding,https://icarobirding.com/,Colombia birding operator,Tinamu; Dona Dora / Anchicaya; La Minga; Colombian Andes routes,https://icarobirding.com/,high,Dedicated birding operator in Colombia; likely high relevance for lodge partnerships.,giovani@icarobirding.com,https://icarobirding.com/contact-us/,Public website contact email.
new_lead,Meadowlark Birding Tours,@meadowlarkbirdingtours,https://www.meadowlarkbirding.com/,International birding operator,Montezuma; Colombian Andes routes,https://www.meadowlarkbirding.com/,high,Birding operator with Colombia tour signals.,avin@meadowlarkbirding.com,https://www.meadowlarkbirding.com/tours.html,Public website email.
new_lead,Multicolor Birding Colombia,@multicolorbirdingcolombia,https://multicolorbirdingcolombia.com/,Colombia birding operator,Tinamu; Rio Blanco; Colombian Andes routes,https://multicolorbirdingcolombia.com/,high,Colombia-specific birding operator candidate.,pablo@multicolorbirdingcolombia.com,https://multicolorbirdingcolombia.com/contact-us/,Public website contact email.
new_lead,WINGS Birding Tours Worldwide,@wingsbirding,https://wingsbirds.com/,International birding operator,Reserva Rio Blanco; Montezuma; El Dorado; Las Tangaras / ProAves reserves; Dona Dora,https://wingsbirds.com/,high,Major international birding operator with Colombia itineraries.,wings@wingsbirds.com,https://wingsbirds.com/contact,Primary public contact email; individual staff emails also appear on the contact page but not included for CRM import.
new_lead,Field Guides,@fieldguides,https://fieldguides.com/,International birding operator,Reserva Rio Blanco; Montezuma; El Dorado; Las Tangaras / ProAves reserves,https://fieldguides.com/,high,Major international birding operator with Colombia itineraries.,fieldguides@fieldguides.com,https://fieldguides.com/contact-us/,Public website contact email.
new_lead,Tropical Birding,@tropicalbirding,https://www.tropicalbirding.com/,International birding/photo operator,Montezuma; Araucana; El Dorado; Las Tangaras / ProAves reserves,https://www.tropicalbirding.com/,high,Distinct from the previously found Tropical Photo Tours; major birding/photo operator.,info@tropicalbirding.com,https://www.tropicalbirding.com/contact,Public website contact email.
new_lead,Birding Ecotours,@birding_ecotours,https://www.birdingecotours.com/,International birding operator,Reserva Rio Blanco; Montezuma; Araucana; Dona Dora; El Dorado; Hato La Aurora,https://www.birdingecotours.com/,high,Major international birding operator with multiple Colombia itineraries.,info@birdingecotours.com,https://www.birdingecotours.com/contact/,Public website Cloudflare-protected email decoded from contact page.
new_lead,Pajareros Birding Tours,@pajarerosbirdingtours,https://pajarerosbirdingtours.com/,Colombia birding operator,Reserva Rio Blanco; Colombian Andes routes,https://pajarerosbirdingtours.com/,medium,Colombia birding operator candidate; verify current business status and contact path.,info@pajarerosbirdingtours.com; reservas@pajarerosbirdingtours.com,https://pajarerosbirdingtours.com/contact-us-pajareros-birding-tours/,Public website contact emails; omitted one apparent typo address found in page source.
new_lead,Wild About Colombia,@wildaboutcolombia,https://wildaboutcolombia.com/,Colombia wildlife/birding operator,Araucana; Hato La Aurora / Juan Solito; La Isla Escondida,https://wildaboutcolombia.com/,high,Colombia wildlife operator; likely relevant for birding and mammal-focused lodge routes.,info@wildaboutcolombia.com,https://www.wildaboutcolombia.com/,Public website email.
new_lead,Naturalist Journeys,@naturalistjourneys,https://www.naturalistjourneys.com/,International nature/birding operator,Reserva Rio Blanco; Araucana; El Dorado; Hato La Aurora,https://www.naturalistjourneys.com/,high,International natural history operator with Colombia trips.,travel@naturalistjourneys.com; clientservices@naturalistjourneys.com,https://www.naturalistjourneys.com/contact,Public website contact emails.
new_lead,Exotic Birding,,https://www.exoticbirding.com/,International birding operator,Reserva Rio Blanco; Colombian Andes routes,https://www.exoticbirding.com/,medium,Birding operator candidate with Colombia signals; verify recent departures.,info@exoticbirding.com,https://www.exoticbirding.com/,Public website email.
new_lead,Kolibri Expeditions,@kolibriexpeditions,https://www.kolibriexpeditions.com/,International birding operator,Rio Nambi; La Planada; Colombian Andes routes,https://www.kolibriexpeditions.com/,medium,Birding operator best known for Andean tours; confirm active Colombia product before outreach.,kolibriexp@gmail.com,https://kolibriexpeditions.com/Birding/ContactUs.aspx?IDM=6,Public contact page email.
new_lead,BirdQuest,@birdquesttours,https://www.birdquest-tours.com/,International birding operator,Reserva Rio Blanco; Montezuma; Dona Dora; El Dorado; Las Tangaras / ProAves reserves,https://www.birdquest-tours.com/,high,Major international birding operator with Colombia itineraries.,birders@birdquest-tours.com,https://www.birdquest-tours.com/contact/,Public contact/listing email; site blocks some automated checks.
new_lead,Truman Adventure,@trumanadventure,https://www.truman.com.co/,Colombia nature/adventure operator,Otun Quimbaya; Tinamu; Reserva Rio Blanco; El Dorado; central Colombia routes,https://www.truman.com.co/tours-naturales/birding/,medium,"Colombian nature operator with explicit birding products including routes through Otun Quimbaya, Tinamu, and Rio Blanco.",info@truman.com.co; trumanadventure@gmail.com,https://www.truman.com.co/tours-naturales/birding/,Website has contact form/WhatsApp; emails verified through public tourism listings and search result snippets.
new_lead,Piculet Birding,@piculetbirding,https://piculetbirding.com/,Colombia birding operator,Dona Dora / Anchicaya; Rio Nambi; La Planada; southwest Colombia routes,https://piculetbirding.com/,high,Dedicated birding operator candidate for southwest Colombia routes.,customerservice@piculetbirding.com,https://piculetbirding.com/,Public website contact email.
new_lead,AVES Colombia,,https://www.aves.bio/,Colombia birding operator,Montezuma; Hacienda El Bosque; ProAves reserves; Colombian bioregion routes,https://www.aves.bio/,high,Premium Colombia birding operator; partner page references several Colombian ecolodges and conservation partners.,info@aves.bio,https://www.aves.bio/contact,Public website contact email.
new_lead,Trogon Photo Tours,,https://trogontours.net/,Bird photography tour operator,Hacienda El Bosque; Colombian Andes photo routes,https://trogontours.net/,high,US-based wildlife photography operator with a Colombia bird photography tour.,nchappell@trogontours.net; tourstrogon@gmail.com,https://trogontours.net/contact,Website has contact form; public emails verified through public app/profile listings and search results.
new_lead,Oriole Birding,@oriolebirding,https://www.oriolebirding.com/,International birding operator,Montezuma; El Dorado; ProAves reserve routes,https://www.oriolebirding.com/,high,Birding operator with Colombia tour signals.,info@oriolebirding.com,https://www.oriolebirding.com/contact/,Public website contact email.
new_lead,Mindo Bird Tours,@mindobirdtours,https://mindobirdtours.com/,Regional birding operator,Colombia/Ecuador birding route searches,https://mindobirdtours.com/,low,Primarily Ecuador-facing signal; include only as a low-priority adjacent operator until Colombia trips are verified.,ecuadorbirdtours1@gmail.com; mindobirds@gmail.com,https://www.ecuadorbirdtours.com/contact.html,Public contact emails; low priority because this is primarily Ecuador-facing unless Colombia tours are confirmed.
new_lead,Xikanel,@xikanel,https://xikanel.com/,Nature travel / birding candidate,Colombia birding tour searches,https://xikanel.com/,low,Unclear whether this is an active Colombia birding operator; needs manual verification.,xikanel@gmail.com,https://xikanel.com/contact/,Public website contact email; qualify Colombia birding fit.
new_lead,Nomad Nature Travel,@nomadnaturetravel,https://nomadnaturetravel.com/,Nature travel operator,Colombia wildlife/birding route searches,https://nomadnaturetravel.com/,low,Potential wildlife operator; lower confidence for Colombia birding lodge pipeline.,nomadnaturetravel@gmail.com; feedback@nomadnaturetravel.com,https://www.nomadnaturetravel.com/contact/,Public website contact emails; lower priority for Colombia birding fit.
new_lead,Amazon Adventures,,https://www.amazonadventures.com/,Colombia travel operator with birding/wildlife product,Hato La Aurora / Juan Solito; Colombia birdwatching routes,https://www.amazonadventures.com/birdwatching-tours-in-colombia.html,high,Offers Colombia birdwatching itineraries and a Hato La Aurora product; useful for Llanos lodge-route outreach.,jar@amazonadventures.com,https://www.amazonadventures.com/contact.html,Public website contact email; additional legacy address found but omitted from import.
new_lead,Birding Peace Colombia,,https://www.turismodeobservacion.com/empresa/birding-peace-colombia/430/,Colombia birding/photo operator,Otun Quimbaya; Tinamu; Reserva Rio Blanco; Tolima / central Andes routes,https://regions.colombia.travel/node/82,medium,ProColombia regional profile describes them as a nature tour operator specialized in bird photography and birdwatching.,birdingpeacecolombia@gmail.com,https://www.turismodeobservacion.com/empresa/birding-peace-colombia/430/,Standalone domain found in search did not resolve during checks; using tourism-observation directory profile with public email.
new_lead,Colombia Photo Expeditions,@colombiaphotoexpeditions,https://colombiaphotoexpeditions.com/,Colombia photography/birding operator,Dona Dora / Anchicaya; southwest Colombia photo routes,https://colombiaphotoexpeditions.com/birding-for-peace-photo-expedition/,high,Colombia photo expedition operator with birding/photo route signals including Anchicaya-style itineraries.,colombiaphotoexpeditions@gmail.com,https://colombiaphotoexpeditions.com/birding-for-peace-photo-expedition/,Public email from tour/search listing; website does not expose simple mailto on homepage.
new_lead,Raices Profundas Turismo Ecologico y Cultural,,https://raicesprofundas.co/,Colombia nature/birding operator,Otun Quimbaya; central Andes birding routes,https://raicesprofundas.co/,medium,Colombian operator with birdwatching/nature product; qualify whether they bring inbound birding groups.,reservas@raicesprofundas.co,https://raicesprofundas.co/,Public website reservation email.
